{"training": [{"accuracy": [0.6847826242446899, 0.79347825050354, 0.8152173757553101, 0.8913043737411499, 0.8913043737411499, 0.8804348111152649, 0.8913043737411499, 0.9239130616188049, 0.9347826242446899, 0.8913043737411499, 0.9347826242446899, 0.9130434989929199, 0.945652186870575, 0.9347826242446899, 0.945652186870575, 0.9239130616188049, 0.9347826242446899, 0.9347826242446899, 0.9130434989929199, 0.9347826242446899, 0.9239130616188049, 0.9347826242446899, 0.95652174949646, 0.945652186870575, 0.945652186870575, 0.95652174949646, 0.945652186870575, 0.95652174949646, 0.95652174949646, 0.9021739363670349, 0.95652174949646, 0.95652174949646, 0.967391312122345, 0.945652186870575, 0.95652174949646, 0.95652174949646, 0.967391312122345, 0.95652174949646, 0.95652174949646, 0.967391312122345, 0.945652186870575, 0.967391312122345, 0.95652174949646, 0.95652174949646, 0.95652174949646, 0.945652186870575, 0.945652186870575, 0.967391312122345, 0.967391312122345, 0.945652186870575], "loss": [0.6709974408149719, 0.5188745856285095, 0.4308854937553406, 0.4026792645454407, 0.35604679584503174, 0.380069762468338, 0.3260943293571472, 0.28391605615615845, 0.26053759455680847, 0.2968219816684723, 0.2609086334705353, 0.24750837683677673, 0.24056144058704376, 0.21022376418113708, 0.22751912474632263, 0.20211152732372284, 0.19936445355415344, 0.22587627172470093, 0.2384844273328781, 0.1907779425382614, 0.2417227029800415, 0.16432474553585052, 0.152364581823349, 0.16362206637859344, 0.1625765860080719, 0.1855877786874771, 0.1748703271150589, 0.17131149768829346, 0.13566359877586365, 0.2732723355293274, 0.17872758209705353, 0.13835695385932922, 0.17442674934864044, 0.15882813930511475, 0.1411813646554947, 0.1515076756477356, 0.14677734673023224, 0.12165172398090363, 0.13438494503498077, 0.1083555519580841, 0.14327667653560638, 0.1253456473350525, 0.1583639681339264, 0.14150260388851166, 0.12659670412540436, 0.15773296356201172, 0.1546834260225296, 0.14526519179344177, 0.10021373629570007, 0.1617908477783203], "val_accuracy": [0.9166666865348816, 0.9166666865348816, 0.9166666865348816, 0.9583333134651184, 0.9583333134651184, 0.9583333134651184, 0.9583333134651184, 0.9583333134651184, 0.9583333134651184, 1.0, 1.0, 0.9583333134651184, 0.9583333134651184, 0.9583333134651184, 0.9583333134651184, 0.9583333134651184, 0.9583333134651184, 0.9583333134651184, 0.9583333134651184, 0.9583333134651184, 0.9583333134651184, 0.9583333134651184, 0.9583333134651184, 0.9583333134651184, 0.9583333134651184, 0.9583333134651184, 0.9583333134651184, 0.9583333134651184, 0.9583333134651184, 0.9583333134651184, 0.9583333134651184, 0.9583333134651184, 0.9583333134651184, 0.9583333134651184, 0.9583333134651184, 0.9583333134651184, 0.9583333134651184, 0.9583333134651184, 0.9583333134651184, 0.9583333134651184, 0.9583333134651184, 0.9583333134651184, 1.0, 0.9583333134651184, 0.9583333134651184, 0.9583333134651184, 0.9583333134651184, 0.9583333134651184, 0.9583333134651184, 0.9583333134651184], "val_loss": [0.662107527256012, 0.6452348828315735, 0.6350067853927612, 0.6295021176338196, 0.625941276550293, 0.6218483448028564, 0.6171771883964539, 0.6109358072280884, 0.6048014163970947, 0.5990259051322937, 0.5954105257987976, 0.5927118062973022, 0.5894747972488403, 0.5858022570610046, 0.5793718695640564, 0.5744982957839966, 0.572421133518219, 0.5724257826805115, 0.5712679028511047, 0.5665830373764038, 0.5634511113166809, 0.5587431788444519, 0.5529251098632812, 0.5478939414024353, 0.5413026213645935, 0.5347185730934143, 0.5332003831863403, 0.5290975570678711, 0.5239189267158508, 0.5176231265068054, 0.510408341884613, 0.5009036660194397, 0.49428439140319824, 0.49065423011779785, 0.4901759922504425, 0.48741939663887024, 0.4840071201324463, 0.48189616203308105, 0.47717857360839844, 0.467044472694397, 0.45814335346221924, 0.4594174921512604, 0.46131715178489685, 0.46748650074005127, 0.47258567810058594, 0.46679940819740295, 0.46026334166526794, 0.45280590653419495, 0.4486110508441925, 0.4528924524784088]}], "fine_tuning": [{"accuracy": [0.8611111044883728, 0.8333333134651184, 0.8333333134651184, 0.8888888955116272, 0.9166666865348816, 0.8888888955116272, 0.8611111044883728, 0.8888888955116272, 0.8611111044883728, 0.9166666865348816, 0.8888888955116272, 0.8611111044883728, 0.9166666865348816, 0.8055555820465088, 0.9444444179534912, 0.9166666865348816, 0.9166666865348816, 0.9166666865348816, 0.9166666865348816, 0.8888888955116272], "loss": [0.5809196829795837, 0.39216122031211853, 0.4954945147037506, 0.3952462077140808, 0.40982580184936523, 0.33974194526672363, 0.3174954950809479, 0.4417448341846466, 0.3574908971786499, 0.27565717697143555, 0.2904874086380005, 0.29991909861564636, 0.26837316155433655, 0.4457448422908783, 0.23860271275043488, 0.24979570508003235, 0.27128103375434875, 0.233580082654953, 0.2809613347053528, 0.29111507534980774]}]}